"Keyword Version: 21.4","Revision: 2025-05-23 09:24:06","Timestamp: 2025-06-06 12:21:03","Terms Of Use: https://cdn.earthdata.nasa.gov/conduit/upload/5182/KeywordsCommunityGuide_Baseline_v1_SIGNED_FINAL.pdf","The most up to date XML representations can be found here: https://gcmd.earthdata.nasa.gov/kms/concepts/concept_scheme/locations/?format=xml","Case native"
Location_Category,Location_Type,Location_Subregion1,Location_Subregion2,Location_Subregion3,Location_Subregion4,UUID
"OCEAN","ATLANTIC OCEAN","NORTH ATLANTIC OCEAN","MEDITERRANEAN SEA","ADRIATIC SEA","","5c439818-3a80-4c6d-9d2c-74ea1f1a294a"
"CONTINENT","ASIA","SOUTHCENTRAL ASIA","AFGHANISTAN","","","fa3c995d-58d6-4f06-9fb0-ec04e0456d7b"
"CONTINENT","AFRICA","","","","","2ca1b865-5555-4375-aa81-72811335b695"
"CONTINENT","NORTH AMERICA","UNITED STATES OF AMERICA","ALABAMA","","","9fe93f63-61b1-4232-bf5b-05703f803fce"
"CONTINENT","EUROPE","NORTHERN EUROPE","SCANDINAVIA","ALAND ISLANDS","","cbb172c1-a791-4a87-ab39-fe54508b26cd"
"CONTINENT","NORTH AMERICA","UNITED STATES OF AMERICA","ALASKA","","","ce93cb61-ead9-4b5c-b26f-0f22ea5e2b24"
"CONTINENT","EUROPE","SOUTHERN EUROPE","ALBANIA","","","ffcee960-5527-43e0-bfd0-ad48b1151cf0"
"CONTINENT","NORTH AMERICA","CANADA","ALBERTA","","","9cf876f7-1621-4e1b-bc56-056a0c28ed4b"
"CONTINENT","AFRICA","NORTHERN AFRICA","ALGERIA","","","553fabba-37b9-4d16-aed1-cc6ac6f729e1"
"CONTINENT","SOUTH AMERICA","AMAZONIA","","","","bb293e12-6ffe-48e2-96e5-8f5ae9c137c2"
"OCEAN","PACIFIC OCEAN","CENTRAL PACIFIC OCEAN","AMERICAN SAMOA","","","d4db292f-3097-4843-a6c5-291cf993bea9"
"OCEAN","INDIAN OCEAN","AMSTERDAM AND ST. PAUL ISLANDS","","","","a6f58ff3-7fd8-47a2-b007-6e23c104d272"
"OCEAN","INDIAN OCEAN","ANDAMAN ISLANDS","","","","0b7d96be-3d27-40b8-9876-61b2d7c2bd58"
"CONTINENT","EUROPE","SOUTHERN EUROPE","ANDORRA","","","e4efa84c-fe5a-49f0-81cd-0a6e7b38074d"
"CONTINENT","AFRICA","CENTRAL AFRICA","ANGOLA","","","9b0a194d-d617-4fed-9625-df176319892d"
"OCEAN","ATLANTIC OCEAN","NORTH ATLANTIC OCEAN","CARIBBEAN SEA","ANGUILLA","","835b0d04-f380-4e59-a19e-6652ae04dbea"
"CONTINENT","ANTARCTICA","ANTARCTIC PENINSULA","","","","20229c10-303d-4fc9-89b0-8ae372df445f"
"CONTINENT","ANTARCTICA","","","","","70fb5a3b-35b1-4048-a8be-56a0d865281c"
"OCEAN","ATLANTIC OCEAN","NORTH ATLANTIC OCEAN","CARIBBEAN SEA","ANTIGUA AND BARBUDA","","97b6f4a7-a03a-4b6b-a6f3-fbd80f84fa95"
"OCEAN","INDIAN OCEAN","ARABIAN SEA","","","","a186eed4-d1b4-4d11-b218-b61708a9124c"
"CONTINENT","ASIA","SOUTHCENTRAL ASIA","ARAL SEA","","","e2408bfc-f7d3-49a6-ad87-f025654e3af9"
"GEOGRAPHIC REGION","ARCTIC","","","","","d40d9651-aa19-4b2c-9764-7371bb64b9a7"
"OCEAN","ARCTIC OCEAN","","","","","1ed45273-3e2b-4586-b852-05578c04041b"
"CONTINENT","SOUTH AMERICA","ARGENTINA","","","","838923bc-cda7-4cf5-a21a-0c777304a593"
"OCEAN","ATLANTIC OCEAN","SOUTH ATLANTIC OCEAN","ARGENTINE ISLANDS","","","b3f09053-bb27-4d49-a2fa-893547f5e14b"
"CONTINENT","NORTH AMERICA","UNITED STATES OF AMERICA","ARIZONA","","","c46d59a8-d874-4db8-87f5-d59ecbb79a29"
"CONTINENT","NORTH AMERICA","UNITED STATES OF AMERICA","ARKANSAS","","","69f4d2fa-5b3d-43fe-bd55-63f6c9d1ca5a"
"CONTINENT","ASIA","WESTERN ASIA","ARMENIA","","","42c902b9-ed3b-435f-89c3-150de74451f1"
"OCEAN","ATLANTIC OCEAN","NORTH ATLANTIC OCEAN","CARIBBEAN SEA","ARUBA","","f39da294-1678-4cca-b545-885612e9f7de"
"OCEAN","ATLANTIC OCEAN","SOUTH ATLANTIC OCEAN","ASCENSION ISLAND","","","14e52f21-8d11-484b-8c88-ca36ce712561"
"CONTINENT","ASIA","","","","","9e29690c-079c-4429-afed-ef061ab0c41e"
"OCEAN","ATLANTIC OCEAN","","","","","cf249a36-2e82-4d32-84cd-23a4f40bb393"
"CONTINENT","AUSTRALIA/NEW ZEALAND","AUSTRALIA","","","","ce0984da-1151-41ff-8d92-ab551c9d08bc"
"CONTINENT","AUSTRALIA/NEW ZEALAND","","","","","02156a5c-5ea1-43e3-acf1-a89e99027555"
"CONTINENT","EUROPE","WESTERN EUROPE","AUSTRIA","","","e4d33a7a-f145-4aec-9d15-e21dc9916aad"
"CONTINENT","ASIA","WESTERN ASIA","AZERBAIJAN","","","f487ce0b-ade2-4c3d-976f-3101da973126"
"OCEAN","ATLANTIC OCEAN","NORTH ATLANTIC OCEAN","AZORES","","","946f1f4f-fddc-418b-8177-38ba747e0e64"
"OCEAN","ATLANTIC OCEAN","NORTH ATLANTIC OCEAN","CARIBBEAN SEA","BAHAMAS","","31c5e65c-05b6-4806-830f-94c912f03c77"
"CONTINENT","ASIA","WESTERN ASIA","MIDDLE EAST","BAHRAIN","","a7334f57-6040-46a3-bde2-f87b26e8a3a3"
"OCEAN","PACIFIC OCEAN","CENTRAL PACIFIC OCEAN","BAKER ISLAND","","","1cefbe03-03dd-4dd2-abed-0eac80bf00cf"
"CONTINENT","ANTARCTICA","BALLENY ISLANDS","","","","84a3d9ed-7a8e-4286-b821-8389c774a719"
"OCEAN","ATLANTIC OCEAN","NORTH ATLANTIC OCEAN","BALTIC SEA","","","41cd228c-4677-4900-9507-70144d8b50bc"
"CONTINENT","ASIA","SOUTHCENTRAL ASIA","BANGLADESH","","","28761db9-82fe-4a24-9a89-0fd6047fa1ea"
"OCEAN","ATLANTIC OCEAN","NORTH ATLANTIC OCEAN","CARIBBEAN SEA","BARBADOS","","b770fd0c-6169-42e8-ad30-7fde13c5c6c5"
"OCEAN","ARCTIC OCEAN","BARENTS SEA","","","","a4cb5149-19c8-45dc-976b-9cd590a7365a"
"OCEAN","PACIFIC OCEAN","SOUTH PACIFIC OCEAN","BASS STRAIT","","","e70f8cd6-04d3-4ccb-9d50-cfc1603fc71a"
"OCEAN","INDIAN OCEAN","BAY OF BENGAL","","","","66dc90fd-304a-4379-a9e1-18cf184cc6da"
"OCEAN","ATLANTIC OCEAN","NORTH ATLANTIC OCEAN","BAY OF FUNDY","","","6e4b47ff-1d42-42d7-b5a0-a15cb27e39cc"
"OCEAN","ARCTIC OCEAN","BEAUFORT SEA","","","","86ed3782-8e30-4547-a774-35100b224d5a"
"CONTINENT","EUROPE","EASTERN EUROPE","BELARUS","","","e05da771-e0e8-4ce6-a599-078819c872b5"
"CONTINENT","EUROPE","WESTERN EUROPE","BELGIUM","","","132c1238-6779-443c-9a5c-3df2f238beae"
"CONTINENT","NORTH AMERICA","CENTRAL AMERICA","BELIZE","","","5f8636bb-0dc3-4528-a1eb-da5ac3b51fe2"
"OCEAN","SOUTHERN OCEAN","BELLINGSHAUSEN SEA","","","","17585ec9-4a92-4f37-96b4-034c9e7afa75"
"CONTINENT","AFRICA","WESTERN AFRICA","BENIN","","","05d03731-d997-49d9-bfa3-6221d9e5bdeb"
"OCEAN","PACIFIC OCEAN","NORTH PACIFIC OCEAN","BERING SEA","","","d85ae1ed-4b5f-440d-aaf0-7f9d605fec3b"
"OCEAN","ATLANTIC OCEAN","NORTH ATLANTIC OCEAN","BERMUDA","","","4811b042-546d-43de-88c4-fdfef09fab80"
"CONTINENT","ASIA","SOUTHCENTRAL ASIA","BHUTAN","","","55a04c46-92cf-49c6-8c84-8cd2c058f1e4"
"CONTINENT","EUROPE","EASTERN EUROPE","BLACK SEA","","","afbc0a01-742e-49da-939e-3eaa3cf431b0"
"CONTINENT","ASIA","WESTERN ASIA","BLACK SEA","","","b9c9d69b-9221-4aac-affb-5d3e98039251"
"CONTINENT","SOUTH AMERICA","BOLIVIA","","","","e6c50f42-9065-4ff8-a172-58d668fde547"
"OCEAN","ATLANTIC OCEAN","NORTH ATLANTIC OCEAN","CARIBBEAN SEA","BONAIRE","","bc7f49de-7e63-495c-af20-851938d4f6bc"
"CONTINENT","EUROPE","SOUTHERN EUROPE","BOSNIA AND HERZEGOVINA","","","7691ebb7-81c0-4f38-945c-4462a203cccb"
"CONTINENT","NORTH AMERICA","UNITED STATES OF AMERICA","MASSACHUSETTS","BOSTON","","5ae6db89-e135-4e83-9317-c48ee0bc832c"
"CONTINENT","AFRICA","SOUTHERN AFRICA","BOTSWANA","","","444367b0-aa47-4d8b-94d7-41f7d69d2738"
"VERTICAL LOCATION","BOUNDARY LAYER","","","","","928f6ffd-4b96-43c5-91e9-9c655258ad44"
"OCEAN","ATLANTIC OCEAN","SOUTH ATLANTIC OCEAN","BOUVET ISLAND","","","1eaf9a26-59b9-49fc-8f9f-1a72891edfe1"
"SPACE","EARTH MAGNETIC FIELD","BOW SHOCK","","","","cae6eb69-7ef9-451c-a77e-4c32a9665ee2"
"CONTINENT","SOUTH AMERICA","BRAZIL","","","","2a65dfd1-83e7-4886-a732-316b170522a1"
"CONTINENT","NORTH AMERICA","CANADA","BRITISH COLUMBIA","","","12b71c1c-bdb2-4cc6-bab9-0569563da458"
"OCEAN","INDIAN OCEAN","BRITISH INDIAN OCEAN TERRITORY","","","","4d9cb925-670c-43e6-af0f-40372df8b206"
"CONTINENT","EUROPE","NORTHERN EUROPE","BRITISH ISLES","","","c9e8dfcd-18ac-405d-b6a0-934ae3c743d3"
"OCEAN","INDIAN OCEAN","BRUNEI","","","","160b4977-218b-4d49-b1f1-0193f8ac2091"
"CONTINENT","EUROPE","EASTERN EUROPE","BULGARIA","","","a708af36-ff82-4403-80cd-6b4ffc661cc4"
"CONTINENT","AFRICA","WESTERN AFRICA","BURKINA FASO","","","aa499067-03c9-4684-be74-223b8b58304d"
"CONTINENT","NORTH AMERICA","UNITED STATES OF AMERICA","VERMONT","BURLINGTON","","92a4dbc0-eb29-4417-a986-ee747c481881"
"CONTINENT","AFRICA","EASTERN AFRICA","BURUNDI","","","e5965e59-3d33-4bab-9220-688c12154702"
"CONTINENT","NORTH AMERICA","UNITED STATES OF AMERICA","CALIFORNIA","","","fc4f2acd-ace7-452b-a540-4162f9e9ddb0"
"CONTINENT","ASIA","SOUTHEASTERN ASIA","CAMBODIA","","","2d955182-b62b-43eb-9acc-74f1f1f062f7"
"CONTINENT","NORTH AMERICA","UNITED STATES OF AMERICA","COLORADO","CAMERON PASS","","c1b7fce9-ff0c-404a-b3e8-30cfd69cdb8c"
"CONTINENT","AFRICA","CENTRAL AFRICA","CAMEROON","","","a028edce-a3d9-4a16-a8c7-d2cb12d3a318"
"CONTINENT","NORTH AMERICA","CANADA","","","","d0081284-5cef-484d-b1ee-a6787b197a33"
"OCEAN","ATLANTIC OCEAN","NORTH ATLANTIC OCEAN","CANARY ISLANDS","","","69534766-c309-4145-8963-2bdb7b57340b"
"OCEAN","ATLANTIC OCEAN","SOUTH ATLANTIC OCEAN","CAPE BASIN","","","5177650d-a0e7-4466-a568-66ac2bdb8827"
"OCEAN","ATLANTIC OCEAN","NORTH ATLANTIC OCEAN","CAPE COD","","","48f4e536-a426-4735-b0c4-f80a1d0afa19"
"CONTINENT","ANTARCTICA","CAPE MOBIUS OF TERRA NOVA BAY","","","","789badd4-8d66-49dd-a4ff-98003f89864d"
"OCEAN","ATLANTIC OCEAN","NORTH ATLANTIC OCEAN","CAPE VERDE","","","9aaf0f2f-6e85-4175-b4c2-a6dc31d8793a"
"OCEAN","ATLANTIC OCEAN","NORTH ATLANTIC OCEAN","CARIBBEAN SEA","CARIBBEAN","","ad18da3f-fbdb-4bc1-ab4d-008e9b8f6002"
"OCEAN","ATLANTIC OCEAN","NORTH ATLANTIC OCEAN","CARIBBEAN SEA","","","eb176e48-13e2-413c-85d6-b37e16303573"
"CONTINENT","ASIA","WESTERN ASIA","CASPIAN SEA","","","109670ea-5fc7-4726-b772-f315fa0fa603"
"OCEAN","ATLANTIC OCEAN","NORTH ATLANTIC OCEAN","CARIBBEAN SEA","CAYMAN ISLANDS","","5e154e2c-192d-4ef6-9279-84563cfcc5f5"
"CONTINENT","AFRICA","CENTRAL AFRICA","","","","f2ffbe58-8792-413b-805b-3e1c8de1c6ff"
"CONTINENT","AFRICA","CENTRAL AFRICA","CENTRAL AFRICAN REPUBLIC","","","065fc27f-5b54-4cfc-a616-8661a55e04b8"
"CONTINENT","NORTH AMERICA","CENTRAL AMERICA","","","","0980d595-3dbe-4247-82f2-40b5e8df603f"
"CONTINENT","EUROPE","CENTRAL EUROPE","","","","e56c5b41-7568-42db-ae22-ae9c1c9dc26a"
"OCEAN","PACIFIC OCEAN","WESTERN PACIFIC OCEAN","MICRONESIA","CENTRAL PACIFIC KWAJ","","2dda5d3d-a8f2-4e29-b300-f7383f8ae02d"
"OCEAN","PACIFIC OCEAN","CENTRAL PACIFIC OCEAN","","","","54340be8-8bd7-40be-a9d0-2e212bddd5d9"
"OCEAN","ATLANTIC OCEAN","NORTH ATLANTIC OCEAN","MEDITERRANEAN SEA","CEUTA","","a1c03e9b-1eae-4ea5-be30-3b2cd217216c"
"CONTINENT","AFRICA","CENTRAL AFRICA","CHAD","","","9b328d2c-07c9-4fd8-945d-f8d4d12e0bb3"
"CONTINENT","EUROPE","NORTHERN EUROPE","BRITISH ISLES","CHANNEL ISLANDS","","5ef2ae17-111c-4e9e-a6c9-95ce17a8b75c"
"CONTINENT","SOUTH AMERICA","CHILE","","","","da26d486-1ee6-4689-abe9-5a59b2d572b1"
"CONTINENT","ASIA","EASTERN ASIA","CHINA","","","523afb73-9b4c-4478-97e2-a7d5e228e31c"
"OCEAN","INDIAN OCEAN","CHRISTMAS ISLAND","","","","8e82af62-b3b1-4fc6-95b0-adb9433aa23f"
"SPACE","SOLAR REGION","CHROMOSPHERE","","","","af585cc5-aab9-49cc-b05d-afe4ca4de878"
"OCEAN","ARCTIC OCEAN","CHUKCHI SEA","","","","7e35ea67-a0c9-49fa-97de-e5f8f5b9ee6d"
"OCEAN","INDIAN OCEAN","COCOS ISLANDS","","","","5bc49524-33cd-48b8-9c23-d648e8ecbad5"
"CONTINENT","SOUTH AMERICA","COLOMBIA","","","","452b929e-ffdb-48c8-b3a2-bddd1ab2bf97"
"CONTINENT","NORTH AMERICA","UNITED STATES OF AMERICA","COLORADO","","","e10d421b-11fd-4344-b0ad-b4d3eaec2fe5"
"OCEAN","INDIAN OCEAN","COMOROS","","","","e0137b35-e179-4601-8ff5-9292fafe5959"
"CONTINENT","AFRICA","CENTRAL AFRICA","CONGO","","","0ebe4123-f42a-41fb-80ea-bb1b97b9db0b"
"CONTINENT","AFRICA","CENTRAL AFRICA","CONGO, DEMOCRATIC REPUBLIC","","","3682524d-6ff3-4224-a635-9741726f025f"
"CONTINENT","NORTH AMERICA","UNITED STATES OF AMERICA","CONNECTICUT","","","41ac6bda-027c-438b-b41f-a6e6cb2f03ce"
"CONTINENT","","","","","","0a672f19-dad5-4114-819a-2eb55bdbb56a"
"OCEAN","PACIFIC OCEAN","SOUTH PACIFIC OCEAN","POLYNESIA","COOK ISLANDS","","5aab4096-0a38-4c38-88f1-126001f3d037"
"SOLID EARTH","CORE","","","","","05af56f1-42b1-4205-8b85-0f3470f30011"
"SPACE","SOLAR REGION","CORONA","","","","f20c126e-476c-45de-af7e-5800f2237569"
"OCEAN","ATLANTIC OCEAN","NORTH ATLANTIC OCEAN","MEDITERRANEAN SEA","CORSICA","","09d995de-2158-43f7-b113-9babb9a1593e"
"CONTINENT","NORTH AMERICA","CENTRAL AMERICA","COSTA RICA","","","58ee925e-3285-4192-8f0a-f49a5c211439"
"CONTINENT","AFRICA","WESTERN AFRICA","COTE D'IVOIRE","","","1e41939f-8c5e-4aee-8345-61736accffe4"
"CONTINENT","EUROPE","SOUTHERN EUROPE","CROATIA","","","0a19cdd4-48ec-4551-9e5f-7be860891f94"
"OCEAN","INDIAN OCEAN","CROZET ISLANDS","","","","57307aeb-06c4-443c-bdc3-e554d6414aa6"
"SOLID EARTH","CRUST","","","","","87a9b0a4-c94d-4ccd-a28a-89e2853dcbde"
"OCEAN","ATLANTIC OCEAN","NORTH ATLANTIC OCEAN","CARIBBEAN SEA","CUBA","","3588a42b-43bc-43d1-ad7b-3c43ba3bec4b"
"OCEAN","ATLANTIC OCEAN","NORTH ATLANTIC OCEAN","CARIBBEAN SEA","CURACAO","","f0dd2220-9947-41db-a185-b05aaf26963b"
"SPACE","EARTH MAGNETIC FIELD","CUSP","","","","35f9f5d9-c2fd-420e-a08d-34938fd22d6c"
"OCEAN","ATLANTIC OCEAN","NORTH ATLANTIC OCEAN","MEDITERRANEAN SEA","CYPRUS","","feff6e5e-27be-4404-af9c-c80b56d48ad4"
"CONTINENT","EUROPE","EASTERN EUROPE","CZECHIA","","","ff28159f-dbc2-4585-bbfd-fbc8cabbffe3"
"CONTINENT","NORTH AMERICA","UNITED STATES OF AMERICA","IOWA","DAVENPORT","","cd638f0d-4740-4ab3-938d-6f8f284f78ae"
"OCEAN","ATLANTIC OCEAN","NORTH ATLANTIC OCEAN","DAVIS STRAIT","","","29e79a9c-f1a9-4832-8813-e3a12dfddec6"
"CONTINENT","NORTH AMERICA","UNITED STATES OF AMERICA","DELAWARE","","","dfe30ec4-50e4-402e-9ab0-f5f6d141bb9c"
"CONTINENT","EUROPE","NORTHERN EUROPE","SCANDINAVIA","DENMARK","","98f7f9f6-90cb-4f52-8bec-8d21dd310c30"
"CONTINENT","NORTH AMERICA","UNITED STATES OF AMERICA","IOWA","DES MOINES","","8abe2036-a848-451a-8eee-ae7ccd9e401f"
"OCEAN","ATLANTIC OCEAN","NORTH ATLANTIC OCEAN","MEDITERRANEAN SEA","DHEKELIA","","63ddceba-4924-4c03-814f-ae7a90ddde62"
"CONTINENT","SOUTH AMERICA","CHILE","DIEGO RAMIREZ ISLANDS","","","1132b6fb-a1fe-42df-a7c6-38ee030aceaa"
"CONTINENT","NORTH AMERICA","UNITED STATES OF AMERICA","DISTRICT OF COLUMBIA","","","2ad8b29a-df7d-4fdc-b7b9-bcd2ff8d9866"
"CONTINENT","AFRICA","EASTERN AFRICA","DJIBOUTI","","","75dc417f-5bdc-441b-bfa9-8a31a03598d6"
"OCEAN","ATLANTIC OCEAN","NORTH ATLANTIC OCEAN","CARIBBEAN SEA","DOMINICA","","54fc3042-e1a5-4381-859f-e80335831de4"
"OCEAN","ATLANTIC OCEAN","NORTH ATLANTIC OCEAN","CARIBBEAN SEA","DOMINICAN REPUBLIC","","a5b56209-919d-4ace-9954-cbda4e58a3be"
"OCEAN","SOUTHERN OCEAN","DRAKE PASSAGE","","","","dd540b86-0422-496c-9c6b-5800192d7f8e"
"SPACE","EARTH MAGNETIC FIELD","","","","","8000a80c-9f8d-4406-80bc-3a4a75117df9"
"OCEAN","SOUTHERN OCEAN","EAST ANTARCTIC CONTINENTAL SHELF","","","","c09d2746-b111-4a47-86a6-3a5932b5ceb6"
"OCEAN","PACIFIC OCEAN","WESTERN PACIFIC OCEAN","EAST CHINA SEA","","","6d61eeb2-a5a6-4364-b974-e5b4d317327f"
"CONTINENT","AFRICA","EASTERN AFRICA","","","","1837fc8f-4622-433b-8148-dd2b5826f6f2"
"CONTINENT","ASIA","EASTERN ASIA","","","","a817d381-60e3-4f1b-aa38-041d83b67e70"
"CONTINENT","EUROPE","EASTERN EUROPE","","","","5add948b-8520-4e55-808c-27f0be33d35a"
"GEOGRAPHIC REGION","EASTERN HEMISPHERE","","","","","116620fb-2762-4032-9bfa-152d109c029d"
"OCEAN","PACIFIC OCEAN","EASTERN PACIFIC OCEAN","","","","dca3c058-59cd-48b1-9f61-b30557e87e51"
"CONTINENT","SOUTH AMERICA","ECUADOR","","","","b7eb8278-0dc3-4121-87ea-14173279dfb4"
"CONTINENT","AFRICA","NORTHERN AFRICA","EGYPT","","","58813ee3-ea1f-40a3-a0da-1198d78c06dd"
"CONTINENT","NORTH AMERICA","CENTRAL AMERICA","EL SALVADOR","","","8d237194-e6b5-418b-ab67-e20e260867e9"
"GEOGRAPHIC REGION","EQUATORIAL","","","","","7c5c3754-7b3d-4c08-9ea3-670ed82629ec"
"CONTINENT","AFRICA","CENTRAL AFRICA","EQUATORIAL GUINEA","","","3b515cd8-bc42-4fab-9990-df3be2817938"
"CONTINENT","AFRICA","EASTERN AFRICA","ERITREA","","","3f3cc6a3-81e3-49b6-b23a-b02678840e06"
"CONTINENT","EUROPE","NORTHERN EUROPE","ESTONIA","","","f0b2da18-9290-4aaf-8e91-4b52e3d9dfc4"
"CONTINENT","AFRICA","SOUTHERN AFRICA","ESWATINI","","","0dd6b942-de19-4712-bd1d-aa301f0ee965"
"CONTINENT","AFRICA","EASTERN AFRICA","ETHIOPIA","","","bf35988f-1bab-4b16-87c4-811c572f7b24"
"GEOGRAPHIC REGION","EURASIA","","","","","350fb2da-c713-497e-9d7d-42dcad0df83f"
"CONTINENT","EUROPE","","","","","0b3765f7-20f7-4425-bd50-d1bb99d09d86"
"OCEAN","ATLANTIC OCEAN","NORTH ATLANTIC OCEAN","NORWEGIAN SEA","FAEROE ISLANDS","","539e03d8-2a5c-4786-8ed5-ff27cf595e36"
"OCEAN","ATLANTIC OCEAN","SOUTH ATLANTIC OCEAN","FALKLAND ISLANDS","","","5c637509-8e68-4511-9b85-8bbee1107a7a"
"OCEAN","PACIFIC OCEAN","SOUTH PACIFIC OCEAN","POLYNESIA","FIJI","","3c6073a8-432d-4cf9-9d48-1963cc5290ff"
"CONTINENT","EUROPE","NORTHERN EUROPE","SCANDINAVIA","FINLAND","","b198283f-02d9-424e-838a-8997a18139a9"
"CONTINENT","NORTH AMERICA","UNITED STATES OF AMERICA","FLORIDA","","","b607766c-83f5-42bb-96b2-2de4e7b488a4"
"CONTINENT","NORTH AMERICA","UNITED STATES OF AMERICA","FLORIDA","FLORIDA KEYS","","23e967b5-6a87-47a6-aa93-0a96dbe6c316"
"CONTINENT","EUROPE","WESTERN EUROPE","FRANCE","","","a4ab3fe4-b9c7-4aad-9eaa-ba63f38059e6"
"CONTINENT","SOUTH AMERICA","FRENCH GUIANA","","","","146ee1c3-67c3-45a0-ad64-c67f12032351"
"OCEAN","PACIFIC OCEAN","SOUTH PACIFIC OCEAN","POLYNESIA","FRENCH POLYNESIA","","9e683aa3-89a7-46fe-a4bb-d558719a9aa2"
"OCEAN","INDIAN OCEAN","FRENCH SOUTHERN TERRITORIES","","","","d582a87a-8969-45bf-947a-2864d2d0fcd7"
"CONTINENT","AFRICA","CENTRAL AFRICA","GABON","","","864e3511-3326-4b8f-a534-1a8945fcc3eb"
"OCEAN","PACIFIC OCEAN","EASTERN PACIFIC OCEAN","GALAPAGOS ISLANDS","","","2ed1cf61-0636-4a43-9acd-037c563a1a8b"
"CONTINENT","AFRICA","WESTERN AFRICA","GAMBIA","","","2ffc8cf6-f9fb-4f0e-858a-53766c4ba4b8"
"CONTINENT","NORTH AMERICA","UNITED STATES OF AMERICA","MICHIGAN","GAYLORD","","b4d4394b-729e-4b18-ac41-5b03b23a44bc"
"CONTINENT","ASIA","WESTERN ASIA","MIDDLE EAST","GAZA STRIP","","302ab5f2-5fa2-482d-9d22-8a7a1546a62d"
"GEOGRAPHIC REGION","","","","","","204270d9-8039-4768-851e-63635af5fb65"
"OCEAN","ATLANTIC OCEAN","NORTH ATLANTIC OCEAN","GEORGES BANK","","","7a1f45ea-4804-4ae0-8949-e4f33223d39d"
"CONTINENT","NORTH AMERICA","UNITED STATES OF AMERICA","GEORGIA","","","a94fb5d3-6a0a-44a1-ac31-5e8978b5f0b1"
"CONTINENT","ASIA","WESTERN ASIA","GEORGIA","","","d79e134c-a4d0-44f2-9706-cad2b59de992"
"CONTINENT","NORTH AMERICA","CANADA","GEORGIAN BAY","","","0b5164a2-ce21-4b36-9502-5e1d05a2e3ae"
"CONTINENT","EUROPE","WESTERN EUROPE","GERMANY","","","953ea5cb-cd34-4ffc-a18b-f93173f2c7f6"
"CONTINENT","AFRICA","WESTERN AFRICA","GHANA","","","4169d7ae-fa7e-4264-888c-c15b14c574cb"
"CONTINENT","EUROPE","SOUTHERN EUROPE","SPAIN","GIBRALTAR","","1dd688e9-3c50-4be0-907a-423d2371dc3e"
"GEOGRAPHIC REGION","GLOBAL","","","","","51e3593f-4b42-4141-972e-96666c479f9c"
"GEOGRAPHIC REGION","GLOBAL LAND","","","","","61cc17c8-4f06-4556-8117-8ba9bb329a3f"
"GEOGRAPHIC REGION","GLOBAL OCEAN","","","","","3d4e44c4-5d99-4a9b-8388-43c63533ee97"
"OCEAN","ATLANTIC OCEAN","SOUTH ATLANTIC OCEAN","GOUDIER ISLAND","","","f8a52f41-6584-457e-9162-7dde82c00d79"
"OCEAN","ATLANTIC OCEAN","SOUTH ATLANTIC OCEAN","GOUGH ISLAND","","","3629338b-cfef-4119-ae3c-b9c800776275"
"OCEAN","ATLANTIC OCEAN","NORTH ATLANTIC OCEAN","GRAND BANKS","","","56c7983c-33fa-4abc-95d4-8ae848048abb"
"CONTINENT","NORTH AMERICA","UNITED STATES OF AMERICA","COLORADO","GRAND MESA","","ab8badd8-513a-493b-9bcc-c18ab62cfe5f"
"CONTINENT","NORTH AMERICA","UNITED STATES OF AMERICA","GREAT LAKES","","","271c9002-8a96-406e-a0ec-8fdbac41eb1e"
"CONTINENT","NORTH AMERICA","CANADA","GREAT LAKES, CANADA","","","2844fb17-9f62-47c9-90c4-d61125e0922e"
"CONTINENT","EUROPE","SOUTHERN EUROPE","GREECE","","","103ca372-ccaa-4cca-9e1a-ef2219ad6bb2"
"CONTINENT","NORTH AMERICA","GREENLAND","","","","9d15e288-95cd-476e-acdd-5e31add3ca32"
"OCEAN","ATLANTIC OCEAN","NORTH ATLANTIC OCEAN","CARIBBEAN SEA","GRENADA","","8d9e2612-e2ab-4895-9a26-c968522019f1"
"OCEAN","ATLANTIC OCEAN","NORTH ATLANTIC OCEAN","CARIBBEAN SEA","GUADELOUPE","","7ff548d5-896a-48c5-9ffb-28aa4d47825f"
"OCEAN","PACIFIC OCEAN","WESTERN PACIFIC OCEAN","MICRONESIA","GUAM","","da0e4453-5f69-4656-a7f1-a68da6640dc8"
"CONTINENT","NORTH AMERICA","CENTRAL AMERICA","GUATEMALA","","","e325f579-2d4c-4c72-81f4-30cb8723261a"
"CONTINENT","EUROPE","NORTHERN EUROPE","GUERNSEY","","","1a16071e-e3bc-43ea-a668-522bbc045fdb"
"CONTINENT","AFRICA","WESTERN AFRICA","GUINEA","","","4334c04a-1ab1-475d-9aab-bc30476a8b25"
"CONTINENT","AFRICA","WESTERN AFRICA","GUINEA-BISSAU","","","b0d902f8-d1b3-4cc8-aa2c-58fd4fead65e"
"OCEAN","PACIFIC OCEAN","NORTH PACIFIC OCEAN","GULF OF ALASKA","","","9972bea3-3817-44e8-9c14-bcda7750d820"
"OCEAN","ATLANTIC OCEAN","NORTH ATLANTIC OCEAN","GULF OF AMERICA","","","75fab119-51a6-4b59-9711-f6c3cd3139db"
"OCEAN","ATLANTIC OCEAN","NORTH ATLANTIC OCEAN","GULF OF MAINE","","","9c31f745-a3d1-4007-99ae-fceca2019fab"
"OCEAN","ATLANTIC OCEAN","NORTH ATLANTIC OCEAN","GULF OF ST LAWRENCE","","","70c4057c-7ecc-4ff5-a6e6-5d5b0bb2af3b"
"OCEAN","ATLANTIC OCEAN","NORTH ATLANTIC OCEAN","MEDITERRANEAN SEA","ADRIATIC SEA","GULF OF TRIESTE","7b93c892-2fc4-417b-a4da-5c8a2fca361b"
"CONTINENT","SOUTH AMERICA","GUYANA","","","","f58ab39c-6c61-47cf-9117-50aa4e8aa93a"
"OCEAN","ATLANTIC OCEAN","NORTH ATLANTIC OCEAN","CARIBBEAN SEA","HAITI","","63246421-f046-4770-acd9-d0a3d31bbd36"
"CONTINENT","NORTH AMERICA","UNITED STATES OF AMERICA","HAWAII","","","017ac312-b650-4800-992f-5167708b4d31"
"OCEAN","PACIFIC OCEAN","CENTRAL PACIFIC OCEAN","HAWAIIAN ISLANDS","HAWAII ISLAND","","91e466e3-2a02-4ce2-a62d-1b0bb2d13683"
"OCEAN","PACIFIC OCEAN","CENTRAL PACIFIC OCEAN","HAWAIIAN ISLANDS","","","2006ec69-34f2-4ece-8823-6dc49f892b02"
"OCEAN","SOUTHERN OCEAN","HEARD AND MCDONALD ISLANDS","","","","855fdce6-877e-433e-bae5-a6df132a4c8a"
"SPACE","EARTH MAGNETIC FIELD","HIGH LATITUDE MAGNETOSPHERE","","","","77a3d69b-2fe6-48a0-9d85-bae062a4e2ff"
"CONTINENT","ASIA","SOUTHCENTRAL ASIA","HIMALAYAS","","","f7026a7d-92db-4b7b-aa46-c839ff72e79a"
"CONTINENT","NORTH AMERICA","CENTRAL AMERICA","HONDURAS","","","91409bfb-7fe2-4eaa-97d9-4bc96d5a85b0"
"CONTINENT","ASIA","EASTERN ASIA","CHINA","HONG KONG","","d5182160-6764-4662-80fe-1ec252d36f20"
"OCEAN","PACIFIC OCEAN","CENTRAL PACIFIC OCEAN","HOWLAND ISLAND","","","626ee48e-c58c-4cbf-a15e-23bc0331857b"
"CONTINENT","NORTH AMERICA","CANADA","HUDSON BAY","","","f26c754c-1765-4a45-920e-792b43353a39"
"CONTINENT","EUROPE","EASTERN EUROPE","HUNGARY","","","250456aa-1202-411d-b88f-919386a4ebe5"
"CONTINENT","EUROPE","NORTHERN EUROPE","ICELAND","","","5e64ca14-42f3-4222-8f2c-5db3c7b71d8f"
"CONTINENT","NORTH AMERICA","UNITED STATES OF AMERICA","IDAHO","","","5e4b6864-4bf7-43a9-8ca6-2099cc40dd25"
"OCEAN","INDIAN OCEAN","CROZET ISLANDS","ILE DE LA POSSESSION, BASE ALFRED FAURE","","","336b41d3-5597-46ee-9d26-8d992399da93"
"CONTINENT","NORTH AMERICA","UNITED STATES OF AMERICA","ILLINOIS","","","06b1e163-667a-4d13-b638-5273e7a65dad"
"CONTINENT","ASIA","SOUTHCENTRAL ASIA","INDIA","","","446c1b9a-cee6-46e6-99be-3db5fbb798fb"
"OCEAN","INDIAN OCEAN","","","","","4b75a3a2-9811-43b9-8f8c-64d0ae4d9ca8"
"CONTINENT","NORTH AMERICA","UNITED STATES OF AMERICA","INDIANA","","","5061b32d-58dc-4a48-ba0a-5e8d3c686cc3"
"OCEAN","INDIAN OCEAN","INDONESIA","","","","84aeedd2-6093-4252-9895-8dc063a9ad97"
"SPACE","EARTH MAGNETIC FIELD","INNER MAGNETOSPHERE","","","","1d44a144-2344-4a82-931b-6604bbbe14bc"
"VERTICAL LOCATION","IONOSPHERE","","","","","a260baca-735f-4085-a0bc-212ac44aef3e"
"CONTINENT","NORTH AMERICA","UNITED STATES OF AMERICA","IOWA","","","ed048ffc-f15c-4b27-899e-70d00417685b"
"CONTINENT","ASIA","SOUTHCENTRAL ASIA","IRAN","","","7daf09eb-e8b7-4c69-b0d1-c53a429379cb"
"CONTINENT","ASIA","WESTERN ASIA","MIDDLE EAST","IRAQ","","b25e6700-8d6f-4c95-be85-dedc4f077b26"
"CONTINENT","EUROPE","NORTHERN EUROPE","BRITISH ISLES","IRELAND","","4bcfd0d2-b5c7-47cb-8ded-d544a84f0c47"
"OCEAN","ATLANTIC OCEAN","NORTH ATLANTIC OCEAN","IRISH SEA","","","452868d2-bcca-4cb5-8d5d-102b4f6019eb"
"CONTINENT","SOUTH AMERICA","CHILE","DIEGO RAMIREZ ISLANDS","ISLA BARTOLOME","","dcc856e9-c215-4799-b64d-d406e3da8541"
"CONTINENT","SOUTH AMERICA","CHILE","DIEGO RAMIREZ ISLANDS","ISLA GONZALEZ","","57d5b413-48b5-485a-ad7b-bd0201c64a60"
"OCEAN","ATLANTIC OCEAN","NORTH ATLANTIC OCEAN","IRISH SEA","ISLE OF MAN","","977f6d42-8d3a-4875-8a7b-ed225622519c"
"CONTINENT","ASIA","WESTERN ASIA","MIDDLE EAST","ISRAEL","","3898679c-68f8-42af-bbf1-1400955e0076"
"CONTINENT","EUROPE","SOUTHERN EUROPE","ITALY","","","ff1cfc9c-5e73-4137-b8e1-d6f4e83e61c4"
"OCEAN","ATLANTIC OCEAN","NORTH ATLANTIC OCEAN","CARIBBEAN SEA","JAMAICA","","9a539ebb-1b71-4e56-9581-e42c0a9c96ea"
"CONTINENT","ASIA","EASTERN ASIA","JAPAN","","","9ae108db-2d76-44a1-b381-eba2df9554ad"
"OCEAN","PACIFIC OCEAN","CENTRAL PACIFIC OCEAN","JARVIS ISLAND","","","b3b5dbff-09a4-45f1-b1c2-847e3c8e6153"
"CONTINENT","NORTH AMERICA","UNITED STATES OF AMERICA","NEW MEXICO","JEMEZ MOUNTAINS","","d162711e-4c48-4f27-8878-68dc80325f48"
"OCEAN","PACIFIC OCEAN","CENTRAL PACIFIC OCEAN","JOHNSTON ATOLL","","","7ba7460f-32d8-4364-9608-eec6387133e9"
"CONTINENT","ASIA","WESTERN ASIA","MIDDLE EAST","JORDAN","","232cab66-2a19-4d21-8ad2-8d60b1e87b07"
"OCEAN","PACIFIC OCEAN","CENTRAL PACIFIC OCEAN","HAWAIIAN ISLANDS","KAHOOLAWE","","43bdd952-dc95-45a0-bf60-05a4c958ff0c"
"CONTINENT","NORTH AMERICA","UNITED STATES OF AMERICA","KANSAS","","","42b510c8-3f17-4f95-85f5-011065fcc038"
"OCEAN","PACIFIC OCEAN","CENTRAL PACIFIC OCEAN","HAWAIIAN ISLANDS","KAUAI","","45fe9be8-818b-465e-ad75-b025ff447844"
"CONTINENT","ASIA","SOUTHCENTRAL ASIA","KAZAKHSTAN","","","95ef2448-80da-4419-8c07-f05f7d625796"
"CONTINENT","NORTH AMERICA","UNITED STATES OF AMERICA","KENTUCKY","","","7de86e45-f3e3-4475-af21-fc5a7f0c6349"
"CONTINENT","AFRICA","EASTERN AFRICA","KENYA","","","9a733984-abe2-4a34-b189-9bb62b9f9b85"
"OCEAN","INDIAN OCEAN","KERGUELEN ISLANDS","","","","0958cd41-f5bf-444e-9e91-c8d9307effe7"
"CONTINENT","ANTARCTICA","KING GEORGE ISLAND","","","","a100adaa-1e50-44bd-b53f-94a986f5b495"
"OCEAN","PACIFIC OCEAN","CENTRAL PACIFIC OCEAN","KINGMAN REEF","","","4ad44654-2b00-4544-a149-1f01056e57c0"
"OCEAN","PACIFIC OCEAN","CENTRAL PACIFIC OCEAN","KIRIBATI","","","00fdc4bb-8f93-4170-bca1-e51315b46304"
"CONTINENT","EUROPE","SOUTHERN EUROPE","KOSOVO","","","632e6bd5-cdd5-42fa-801f-66b553155905"
"CONTINENT","ASIA","WESTERN ASIA","MIDDLE EAST","KUWAIT","","5db07c1e-355b-40d9-94b2-7fabe4119af3"
"CONTINENT","ASIA","SOUTHCENTRAL ASIA","KYRGYZSTAN","","","dca66e52-9406-4824-8639-602e12dc7d62"
"CONTINENT","NORTH AMERICA","UNITED STATES OF AMERICA","WISCONSIN","LA CROSSE","","b9f52e70-8d85-45b6-b166-79201ce7d2bc"
"OCEAN","ATLANTIC OCEAN","NORTH ATLANTIC OCEAN","LABRADOR SEA","","","0006e246-4296-448c-9b81-a0831cad7f1c"
"OCEAN","ATLANTIC OCEAN","NORTH ATLANTIC OCEAN","NORTH SEA","LAESO","","d68d3910-3eeb-4c18-b95c-561a30f38550"
"CONTINENT","EUROPE","EASTERN EUROPE","RUSSIAN FEDERATION","LAKE BAYKAL","","b8631319-b4ee-4676-beaf-2aa179504be6"
"CONTINENT","AFRICA","CENTRAL AFRICA","LAKE CHAD","","","a1810ec4-2d03-4d98-b049-2cad380fb789"
"CONTINENT","AFRICA","EASTERN AFRICA","LAKE MALAWI","","","9bc94214-449d-4b97-b268-ef4b8dcadd23"
"CONTINENT","AFRICA","EASTERN AFRICA","LAKE TANGANYIKA","","","fbf0a017-08a4-4bc8-a0f8-c178550a3ccb"
"CONTINENT","AFRICA","EASTERN AFRICA","LAKE VICTORIA","","","6c7b31f5-8e07-4a2c-b94f-69be416c60a3"
"OCEAN","PACIFIC OCEAN","CENTRAL PACIFIC OCEAN","HAWAIIAN ISLANDS","LANAI","","456dc4c6-5750-449c-b2cf-61969bcf728c"
"VERTICAL LOCATION","LAND SURFACE","","","","","90761f8d-6abe-499c-b711-acec394daa59"
"CONTINENT","ASIA","SOUTHEASTERN ASIA","LAO PEOPLE'S DEMOCRATIC REPUBLIC","","","0f023a42-94f0-4c8c-b2c9-792eaa6aa784"
"CONTINENT","EUROPE","NORTHERN EUROPE","LATVIA","","","e2e7fb18-459b-4d43-8065-ce5ca7e5bdb9"
"CONTINENT","ANTARCTICA","LAUFF ISLAND","","","","9464e2fc-1198-43b7-af7c-8b1ea53b2b0a"
"CONTINENT","ASIA","WESTERN ASIA","MIDDLE EAST","LEBANON","","1dbb3f84-a25b-4738-bbee-f5371f471aec"
"CONTINENT","AFRICA","SOUTHERN AFRICA","LESOTHO","","","96c2b110-5d8b-425b-a5e5-7066e6c7b52e"
"CONTINENT","AFRICA","WESTERN AFRICA","LIBERIA","","","c7db33e9-b333-4aee-bcf8-8003fba420b0"
"CONTINENT","AFRICA","NORTHERN AFRICA","LIBYA","","","1e535be2-e7cf-42fc-aec4-6f8a6ca3727d"
"CONTINENT","EUROPE","WESTERN EUROPE","LIECHTENSTEIN","","","df8d8422-8497-44c4-a147-1e4d0bdb4ad0"
"CONTINENT","EUROPE","NORTHERN EUROPE","LITHUANIA","","","b58616f8-024f-45f1-be4f-8924557a82bc"
"OCEAN","ATLANTIC OCEAN","NORTH ATLANTIC OCEAN","LONG ISLAND SOUND","","","f6ed7b70-c420-46e0-97db-2aecd9748788"
"CONTINENT","NORTH AMERICA","UNITED STATES OF AMERICA","LOUISIANA","","","73c5d3e9-29f6-4352-a3db-1bc49bbff315"
"CONTINENT","EUROPE","WESTERN EUROPE","LUXEMBOURG","","","018ef16b-76e2-4d3d-a981-76bd7ea02e5f"
"CONTINENT","ASIA","EASTERN ASIA","CHINA","MACAU","","e1078fd4-fa6b-4c35-81ee-648bc086e9c5"
"OCEAN","SOUTHERN OCEAN","MACQUARIE ISLAND","","","","76b3388a-990c-4a46-b35a-748552b671d7"
"OCEAN","INDIAN OCEAN","MADAGASCAR","","","","d9f82c3c-0edf-445e-b838-eebc2278d4c1"
"OCEAN","ATLANTIC OCEAN","NORTH ATLANTIC OCEAN","MADEIRA","","","283ecddd-37db-471c-a600-a45b4419918e"
"SPACE","EARTH MAGNETIC FIELD","MAGNETOPAUSE","","","","971933a3-b116-4fdc-91c6-3067eaeedc8c"
"SPACE","EARTH MAGNETIC FIELD","MAGNETOSPHERE (OTHER)","","","","748c0239-be0b-42ef-8d82-587c09afdb1d"
"SPACE","EARTH MAGNETIC FIELD","MAGNETOTAIL","","","","8cb93d1a-8405-4722-92dd-434ebc850088"
"CONTINENT","ANTARCTICA","MAHER ISLAND","","","","aa9be105-fc42-42db-94fd-79590dd84f67"
"CONTINENT","NORTH AMERICA","UNITED STATES OF AMERICA","MAINE","","","fcc2ca75-790a-4e69-80b6-7af8be328a71"
"CONTINENT","AFRICA","EASTERN AFRICA","MALAWI","","","bc151f49-5347-401a-a0b6-476656a2df23"
"OCEAN","INDIAN OCEAN","MALAYSIA","","","","5f9a0900-8379-456b-bd5e-d6235a022bfa"
"OCEAN","INDIAN OCEAN","MALDIVES","","","","eabe42d5-1826-4d7c-9988-4a6397873061"
"CONTINENT","AFRICA","WESTERN AFRICA","MALI","","","e0d8e561-956e-4450-9948-0568357c6abf"
"OCEAN","ATLANTIC OCEAN","NORTH ATLANTIC OCEAN","MEDITERRANEAN SEA","MALTA","","6d54689d-b634-4d5e-b2f9-752c3648bdcf"
"CONTINENT","NORTH AMERICA","CANADA","MANITOBA","","","72e9e5dc-0f52-43df-8670-d5908806759e"
"SOLID EARTH","MANTLE","","","","","2da8b88a-1a2e-4635-9ba9-dd5f9c5aad99"
"OCEAN","ATLANTIC OCEAN","NORTH ATLANTIC OCEAN","MEDITERRANEAN SEA","MARMARA SEA","","c6679f10-7580-469c-99e8-d6f1e54b5245"
"OCEAN","PACIFIC OCEAN","WESTERN PACIFIC OCEAN","MICRONESIA","MARSHALL ISLANDS","","589b1245-f1f8-4a63-882f-0e2e72625df0"
"OCEAN","ATLANTIC OCEAN","NORTH ATLANTIC OCEAN","CARIBBEAN SEA","MARTINIQUE","","fe4326f9-1089-4ede-ae32-5d7bc7d2349b"
"CONTINENT","NORTH AMERICA","UNITED STATES OF AMERICA","MARYLAND","","","417c01a8-79c5-40e6-affc-8a462b0b4336"
"CONTINENT","NORTH AMERICA","UNITED STATES OF AMERICA","MASSACHUSETTS","","","f9837873-62cd-402c-af8b-571876942a83"
"OCEAN","PACIFIC OCEAN","CENTRAL PACIFIC OCEAN","HAWAIIAN ISLANDS","MAUI","","74ab7a7c-6ec5-4dd2-a1d4-0274dced3e3d"
"CONTINENT","AFRICA","WESTERN AFRICA","MAURITANIA","","","2d39101d-4602-4688-91f0-84f1a37a1441"
"OCEAN","INDIAN OCEAN","MAURITIUS","","","","5477242e-79ee-4139-bb1f-ab3ace1eb864"
"OCEAN","INDIAN OCEAN","MAYOTTE","","","","ea8a08f7-9b41-4541-8078-e9c9dd41d7f3"
"CONTINENT","ANTARCTICA","MCMURDO SOUND","","","","8e6ed09f-fc31-40ad-acbb-e2c0a05a642e"
"OCEAN","ATLANTIC OCEAN","NORTH ATLANTIC OCEAN","MEDITERRANEAN SEA","","","c322d007-8d19-451b-ba46-daa216782248"
"OCEAN","PACIFIC OCEAN","SOUTH PACIFIC OCEAN","MELANESIA","","","33ceb9b7-d144-4e19-92b5-27861898bfd4"
"CONTINENT","ANTARCTICA","MERTZ GLACIER","","","","3c374d0e-fb82-4e14-9119-2f958747dca4"
"VERTICAL LOCATION","MESOSPHERE","","","","","8eb2ab2b-f923-47ca-9a13-f966cf11d802"
"CONTINENT","NORTH AMERICA","MEXICO","","","","70d89073-6697-4eb6-b01b-989c623a5649"
"CONTINENT","NORTH AMERICA","UNITED STATES OF AMERICA","MICHIGAN","","","5561d10d-5224-4e09-9d68-caffd6bc3d74"
"OCEAN","PACIFIC OCEAN","WESTERN PACIFIC OCEAN","MICRONESIA","","","12f8b383-3220-464f-baf3-2ec810247e44"
"GEOGRAPHIC REGION","MID-LATITUDE","","","","","46769685-522d-49c3-ad81-22e1cc8c0c2b"
"CONTINENT","ASIA","WESTERN ASIA","MIDDLE EAST","","","8596fd82-b9bc-4b90-bf9b-23c7f59ac4ab"
"OCEAN","PACIFIC OCEAN","CENTRAL PACIFIC OCEAN","MIDWAY ATOLL","","","075b5332-e4cc-4367-ab95-5b327b4712b4"
"CONTINENT","NORTH AMERICA","UNITED STATES OF AMERICA","MINNESOTA","","","2e2d65b6-d3de-4921-877c-2d3a4e447978"
"CONTINENT","NORTH AMERICA","UNITED STATES OF AMERICA","MISSISSIPPI","","","c3954181-53c1-4847-84dd-cf62815b985f"
"CONTINENT","NORTH AMERICA","UNITED STATES OF AMERICA","MISSOURI","","","c42c3695-f569-40f4-8330-9b6fde553abf"
"CONTINENT","EUROPE","EASTERN EUROPE","MOLDOVA","","","59c12b6b-c5b4-4e23-9281-731e3473cca3"
"OCEAN","PACIFIC OCEAN","CENTRAL PACIFIC OCEAN","HAWAIIAN ISLANDS","MOLOKAI","","5eaf4989-04fa-4b01-8239-f325951832df"
"CONTINENT","EUROPE","WESTERN EUROPE","MONACO","","","8611d45f-c410-44ac-a2ea-d369b7c10011"
"CONTINENT","ASIA","EASTERN ASIA","MONGOLIA","","","af7106d6-4f42-4797-a547-b9e2f4384c7f"
"CONTINENT","NORTH AMERICA","UNITED STATES OF AMERICA","MONTANA","","","88030de5-d237-4074-943f-b6422790d58d"
"CONTINENT","EUROPE","SOUTHERN EUROPE","MONTENEGRO","","","d8f2db47-29ae-4999-aeca-360e4f98f256"
"OCEAN","ATLANTIC OCEAN","NORTH ATLANTIC OCEAN","CARIBBEAN SEA","MONTSERRAT","","46cfe46b-7a99-413b-b763-dd8c8f579e1a"
"CONTINENT","AFRICA","NORTHERN AFRICA","MOROCCO","","","cb410cb0-d8f3-42e2-9500-5576b802a7fa"
"CONTINENT","AFRICA","EASTERN AFRICA","MOZAMBIQUE","","","d322d155-b8f0-4173-b382-b762a070e4d9"
"CONTINENT","ANTARCTICA","TERRA NOVA BAY","MT MELBOURNE","","","87c840a4-1ecf-48fe-90cd-0b93d4b02c89"
"CONTINENT","ANTARCTICA","TERRA NOVA BAY","MT RITTMAN","","","ad47931f-dec9-488b-b4a4-51696f9aa088"
"CONTINENT","ASIA","SOUTHEASTERN ASIA","MYANMAR","","","71953a36-817f-4b70-83df-f056364ce65d"
"CONTINENT","AFRICA","SOUTHERN AFRICA","NAMIBIA","","","a827feaf-9926-4a4d-b21f-dc044524b2b5"
"OCEAN","PACIFIC OCEAN","WESTERN PACIFIC OCEAN","MICRONESIA","NAURU","","b76e19a0-73aa-484a-9723-c7940191ec61"
"OCEAN","ATLANTIC OCEAN","NORTH ATLANTIC OCEAN","CARIBBEAN SEA","NAVASSA ISLAND","","21be5553-67cb-4e54-9807-f1b558d72ae4"
"CONTINENT","NORTH AMERICA","UNITED STATES OF AMERICA","NEBRASKA","","","48c90518-9246-452b-8874-d50975e87ef6"
"CONTINENT","ASIA","SOUTHCENTRAL ASIA","NEPAL","","","5a3c4d08-5924-4ea7-a59b-06cc653deba7"
"CONTINENT","EUROPE","WESTERN EUROPE","NETHERLANDS","","","c4ff980e-6edd-400f-9c99-951fa0d0c887"
"OCEAN","ATLANTIC OCEAN","NORTH ATLANTIC OCEAN","CARIBBEAN SEA","NETHERLANDS ANTILLES","","514053f8-27a3-4fcb-8ce8-0d63cb345740"
"SPACE","EARTH MAGNETIC FIELD","NEUTRAL SHEET","","","","848254ad-c92c-44fd-8c01-a4755fef4673"
"CONTINENT","NORTH AMERICA","UNITED STATES OF AMERICA","NEVADA","","","2bdea9ad-43c4-4559-a156-6dad5d9ba137"
"CONTINENT","NORTH AMERICA","CANADA","NEW BRUNSWICK","","","bab83514-4a6a-4ac5-a130-378ee49fdf18"
"OCEAN","PACIFIC OCEAN","SOUTH PACIFIC OCEAN","MELANESIA","NEW CALEDONIA","","d1040157-9bcb-4013-b01c-66325a9ac227"
"CONTINENT","NORTH AMERICA","UNITED STATES OF AMERICA","NEW HAMPSHIRE","","","a2e161cb-6448-47b0-ab56-c15308152181"
"CONTINENT","NORTH AMERICA","UNITED STATES OF AMERICA","NEW JERSEY","","","bbbb53c6-a8e8-4db6-8849-07316a5ff6c8"
"CONTINENT","NORTH AMERICA","UNITED STATES OF AMERICA","NEW MEXICO","","","b8bdae16-f063-42a5-8d47-2ee863fa56e9"
"CONTINENT","NORTH AMERICA","UNITED STATES OF AMERICA","NEW YORK","","","854d0bb3-dcc3-48eb-a65a-2d26a8b87394"
"CONTINENT","AUSTRALIA/NEW ZEALAND","NEW ZEALAND","","","","d225920a-b027-4931-83d4-b60918251b59"
"CONTINENT","NORTH AMERICA","CANADA","NEWFOUNDLAND AND LABRADOR","","","009ebc80-5561-40d1-98d9-13cbc5bd1591"
"CONTINENT","NORTH AMERICA","CENTRAL AMERICA","NICARAGUA","","","2274358d-11e5-442f-af41-e20fe1ba69c6"
"OCEAN","INDIAN OCEAN","NICOBAR ISLANDS","","","","a09d128e-c786-48cc-b569-c1a6bbb1f772"
"CONTINENT","AFRICA","WESTERN AFRICA","NIGER","","","7b1a37fd-aae9-4bcf-86b1-48e7db570f65"
"CONTINENT","AFRICA","WESTERN AFRICA","NIGERIA","","","2a5c24de-0eb1-4049-a58b-7cc716ecd34c"
"OCEAN","PACIFIC OCEAN","CENTRAL PACIFIC OCEAN","HAWAIIAN ISLANDS","NIIHAU","","6d9ffb4c-1dc6-4e69-98ce-2b87f00d6d98"
"OCEAN","PACIFIC OCEAN","SOUTH PACIFIC OCEAN","POLYNESIA","NIUE","","79f4dd2f-07c5-4932-b507-f1db66b6240e"
"OCEAN","PACIFIC OCEAN","SOUTH PACIFIC OCEAN","POLYNESIA","NORFOLK ISLAND","","3fef61fe-15e9-4cd7-a43c-18d28c26706e"
"CONTINENT","NORTH AMERICA","","","","","88bc8b39-ad19-4415-b426-e7d37450341a"
"OCEAN","ATLANTIC OCEAN","NORTH ATLANTIC OCEAN","","","","a4202721-0cba-4fa1-853f-890f146b04f9"
"CONTINENT","NORTH AMERICA","UNITED STATES OF AMERICA","NORTH CAROLINA","","","a6eb6bdd-8aec-475f-a660-b8603219a5b0"
"CONTINENT","NORTH AMERICA","UNITED STATES OF AMERICA","NORTH DAKOTA","","","25ff6e15-1d40-4df6-b008-eb11c3a199d9"
"CONTINENT","ASIA","EASTERN ASIA","NORTH KOREA","","","ea7ae83d-94f5-4d2b-9b1a-6c8ac2b82c78"
"CONTINENT","EUROPE","SOUTHERN EUROPE","NORTH MACEDONIA","","","03280af1-94e4-4918-8a19-70b8445f9d6f"
"OCEAN","PACIFIC OCEAN","NORTH PACIFIC OCEAN","","","","5488b1cc-08b2-41cf-9bd2-4a2cdd0990de"
"OCEAN","ATLANTIC OCEAN","NORTH ATLANTIC OCEAN","NORTH SEA","","","4401ec0e-0d64-41d3-b4bd-2ff797865e83"
"OCEAN","SOUTHERN OCEAN","WEDDELL SEA","NORTHEAST WEDDELL SEA","","","360d0f6d-35f8-477d-9999-17ed80fd1899"
"CONTINENT","AFRICA","NORTHERN AFRICA","","","","f8ea9f90-eb85-42b0-8d30-93e2bdca16ef"
"CONTINENT","EUROPE","NORTHERN EUROPE","","","","1b0b4340-30a6-4cdd-b356-9c6a0b674a29"
"GEOGRAPHIC REGION","NORTHERN HEMISPHERE","","","","","507794a1-9563-49a4-b2d3-8a28347c1fd7"
"OCEAN","PACIFIC OCEAN","WESTERN PACIFIC OCEAN","MICRONESIA","NORTHERN MARIANA ISLANDS","","39fefc6a-a548-4a7f-96a8-434dae6d56ed"
"OCEAN","PACIFIC OCEAN","NORTHWEST PACIFIC OCEAN","","","","7d10a16f-ca01-4ea5-b842-24c889210ab5"
"CONTINENT","NORTH AMERICA","CANADA","NORTHWEST TERRITORIES","","","95bed3b9-3c0f-4333-b9ac-2f2f5fede59e"
"CONTINENT","EUROPE","NORTHERN EUROPE","SCANDINAVIA","NORWAY","","4bbd9eec-9daa-45c5-9cc7-1d8fb8bffd79"
"OCEAN","ATLANTIC OCEAN","NORTH ATLANTIC OCEAN","NORWEGIAN SEA","","","91dd3935-a1ae-48ca-b263-9b10ac732372"
"CONTINENT","NORTH AMERICA","CANADA","NOVA SCOTIA","","","9dc6c179-4631-4804-99be-bdbbff83c679"
"CONTINENT","NORTH AMERICA","CANADA","NUNAVUT","","","4185beef-8d24-4205-9fe7-2d1345671680"
"OCEAN","PACIFIC OCEAN","CENTRAL PACIFIC OCEAN","HAWAIIAN ISLANDS","OAHU","","e554d02d-0532-4bcb-a8b8-ce869c25cd15"
"OCEAN","","","","","","ff03e9fc-9882-4a5e-ad0b-830d8f1186cb"
"GEOGRAPHIC REGION","OCEANIA","","","","","e3205e96-9379-4b6c-86e0-c012090549f7"
"CONTINENT","NORTH AMERICA","UNITED STATES OF AMERICA","OHIO","","","c23966c4-9e16-484c-a1ef-efcd2354d71c"
"OCEAN","PACIFIC OCEAN","NORTH PACIFIC OCEAN","OKINAWA","","","cf414436-730e-407c-9175-fa97c4f6429d"
"CONTINENT","NORTH AMERICA","UNITED STATES OF AMERICA","OKLAHOMA","","","31ea4578-9b23-4f66-b454-b7dae358267c"
"CONTINENT","ASIA","WESTERN ASIA","MIDDLE EAST","OMAN","","925747d0-b5f0-4c51-9216-04980a785b54"
"CONTINENT","NORTH AMERICA","CANADA","ONTARIO","","","b907550e-6aa1-4cbf-b83b-08546f949d12"
"CONTINENT","NORTH AMERICA","UNITED STATES OF AMERICA","OREGON","","","699d5c22-6bcd-4cfa-be0f-f06e34a63513"
"OCEAN","PACIFIC OCEAN","","","","","a19e4450-64c4-4687-9080-cebded8a90eb"
"CONTINENT","ASIA","SOUTHCENTRAL ASIA","PAKISTAN","","","60b17f24-cf23-4209-91c4-975a87a7acb0"
"OCEAN","PACIFIC OCEAN","WESTERN PACIFIC OCEAN","MICRONESIA","PALAU","","ecac51c2-4def-4dac-b965-a5103402395b"
"CONTINENT","ASIA","WESTERN ASIA","MIDDLE EAST","PALESTINE","","57be5043-4557-45ad-8ac5-e1f8fbf92efc"
"OCEAN","PACIFIC OCEAN","CENTRAL PACIFIC OCEAN","PALMYRA ATOLL","","","0086ca79-d40d-4119-97d0-f5911df75a37"
"CONTINENT","NORTH AMERICA","CENTRAL AMERICA","PANAMA","","","190f39d7-66d7-4b5a-964f-0d47382d8e2e"
"OCEAN","PACIFIC OCEAN","SOUTH PACIFIC OCEAN","MELANESIA","PAPUA NEW GUINEA","","f0757092-c0bf-4937-83bc-6011c682bae9"
"CONTINENT","SOUTH AMERICA","PARAGUAY","","","","3456a093-81b0-4f6b-9073-d17502a8072b"
"CONTINENT","NORTH AMERICA","UNITED STATES OF AMERICA","PENNSYLVANIA","","","d7fa4d05-8c37-4e23-99eb-4f9a888a0d5d"
"OCEAN","INDIAN OCEAN","ARABIAN SEA","PERSIAN GULF","","","9e75b714-9315-42e8-85c7-dbe502659e98"
"CONTINENT","SOUTH AMERICA","PERU","","","","4366972c-aa2d-41cb-b9c3-4d6f57546f65"
"CONTINENT","ANTARCTICA","PETER I ISLAND","","","","9876ec21-7cb3-4f39-b7fe-1bf7c179fa22"
"OCEAN","PACIFIC OCEAN","WESTERN PACIFIC OCEAN","PHILIPPINES","","","9f78dabd-0540-4724-b093-8c0fc05afd3f"
"SPACE","SOLAR REGION","PHOTOSPHERE","","","","260436f2-f80a-4e2a-9a8a-1c8780e33d13"
"OCEAN","PACIFIC OCEAN","SOUTH PACIFIC OCEAN","POLYNESIA","PITCAIRN ISLAND","","060156ad-6f16-4a9f-9515-e59a5aba05b4"
"OCEAN","PACIFIC OCEAN","SOUTH PACIFIC OCEAN","POLYNESIA","PITCAIRN ISLANDS","","3c4bed7f-1e6b-435f-878f-70da1601f29b"
"OCEAN","INDIAN OCEAN","AMSTERDAM AND ST. PAUL ISLANDS","POINTE BENEDICTE","","","e58dcd83-8521-4d5a-b528-9cf60a50274d"
"CONTINENT","EUROPE","EASTERN EUROPE","POLAND","","","09029b84-fdf7-45d2-b684-4152c9b55d7d"
"GEOGRAPHIC REGION","POLAR","","","","","3fedcf7c-7b0c-4b51-abd2-2c54de713061"
"OCEAN","PACIFIC OCEAN","SOUTH PACIFIC OCEAN","POLYNESIA","","","e5a8c108-e85c-4aa1-8b59-1da5817287ee"
"OCEAN","INDIAN OCEAN","KERGUELEN ISLANDS","PORT-AUX-FRANCAIS","","","4095946b-4a9b-40f5-a0ee-fcfbae12b64e"
"CONTINENT","NORTH AMERICA","UNITED STATES OF AMERICA","MAINE","PORTLAND","","11a7e181-3804-4ec7-8717-446546fdd014"
"CONTINENT","EUROPE","WESTERN EUROPE","PORTUGAL","","","73236574-93e5-4520-ad5d-e298fd28d42d"
"OCEAN","INDIAN OCEAN","CROZET ISLANDS","POSSESSION ISLAND","","","12c922d0-63e7-453e-aef6-d8c4d21d93c0"
"CONTINENT","NORTH AMERICA","UNITED STATES OF AMERICA","MONTANA","PRAIRIE STATION","","00c20a47-aa69-4bed-a60c-800faeb44970"
"CONTINENT","NORTH AMERICA","CANADA","PRINCE EDWARD ISLAND","","","8d1ef0a1-f9e1-4807-9025-717af90479cb"
"CONTINENT","ANTARCTICA","Prydz Bay","","","","adecb0c1-3fba-42df-9e13-26899e868bb5"
"OCEAN","ATLANTIC OCEAN","NORTH ATLANTIC OCEAN","CARIBBEAN SEA","PUERTO RICO","","8e8ff5a7-ca10-4322-a5d6-84c08d73775a"
"CONTINENT","ASIA","WESTERN ASIA","MIDDLE EAST","QATAR","","1d131de3-da6c-40b9-84a5-02f8696e9f49"
"CONTINENT","NORTH AMERICA","CANADA","QUEBEC","","","c977c83a-f171-4337-8001-abb2539cdc76"
"OCEAN","INDIAN OCEAN","RED SEA","","","","d7808080-aea5-48f3-b0da-78141ef6324e"
"OCEAN","INDIAN OCEAN","REUNION","","","","16cc58c4-fd7b-40b7-8f33-30d26674fd8b"
"CONTINENT","NORTH AMERICA","UNITED STATES OF AMERICA","RHODE ISLAND","","","ea2ec2ff-f0e5-4366-8255-621ad52f9e5f"
"OCEAN","ATLANTIC OCEAN","NORTH ATLANTIC OCEAN","ROCKALL TROUGH","","","6b36316f-992a-487e-987e-fa0de4a10603"
"CONTINENT","EUROPE","EASTERN EUROPE","ROMANIA","","","0295111a-b3ad-472c-a71c-9161c663716b"
"CONTINENT","ANTARCTICA","ROSS ISLAND","","","","21fb55d8-62f5-4453-b26a-794b6f0e88a5"
"OCEAN","SOUTHERN OCEAN","ROSS SEA","","","","d6cde6e4-f89b-4cde-8bdf-245a4c67c1ff"
"CONTINENT","EUROPE","EASTERN EUROPE","RUSSIAN FEDERATION","","","8c10116a-e71d-45fd-a4b6-92e6b4bf234d"
"CONTINENT","AFRICA","EASTERN AFRICA","RWANDA","","","4a86e5fb-6155-47c0-883b-2edb8e1257aa"
"OCEAN","ATLANTIC OCEAN","NORTH ATLANTIC OCEAN","CARIBBEAN SEA","SABA","","caa8da5b-48da-44fd-946c-24717d8bfdec"
"OCEAN","ATLANTIC OCEAN","NORTH ATLANTIC OCEAN","SABLE ISLAND","","","4e5212a7-40a1-4866-8e58-2ca71cc26054"
"GEOGRAPHIC REGION","SAHEL","","","","","deeef0af-f305-4fd4-9796-e9e1906e5e15"
"OCEAN","PACIFIC OCEAN","SOUTH PACIFIC OCEAN","POLYNESIA","SAMOA","","55fcc7db-f0c6-4504-a686-b0318873efa2"
"CONTINENT","EUROPE","SOUTHERN EUROPE","SAN MARINO","","","18493ec7-f2a5-47bc-8200-8d9e0c41dcf3"
"OCEAN","ATLANTIC OCEAN","SOUTH ATLANTIC OCEAN","SAO TOME AND PRINCIPE","","","3a607d6a-1d8e-4bd2-8ce3-6d4a6ab21ad3"
"OCEAN","ATLANTIC OCEAN","NORTH ATLANTIC OCEAN","MEDITERRANEAN SEA","SARDINIA","","26ce44ec-4a5d-413f-ae6e-2064a374c8f1"
"CONTINENT","NORTH AMERICA","CANADA","SASKATCHEWAN","","","c7e30fc4-c8f0-4945-b161-214ab253f170"
"CONTINENT","ASIA","WESTERN ASIA","MIDDLE EAST","SAUDI ARABIA","","798f3745-be8c-48b0-b903-0265dbe1f957"
"CONTINENT","EUROPE","NORTHERN EUROPE","SCANDINAVIA","","","5367bbef-371d-43be-a4cd-5f4f5ccc4403"
"CONTINENT","NORTH AMERICA","CANADA","NOVA SCOTIA","SCOTIAN SHELF","","aa2adee8-f978-4e6a-921c-be457849d251"
"CONTINENT","ANTARCTICA","SCOTT ISLAND","","","","ac00af1a-62d1-4919-b84d-10a180b4f712"
"VERTICAL LOCATION","SEA FLOOR","","","","","096fd984-efe4-45db-9827-5ef972fedd5d"
"OCEAN","PACIFIC OCEAN","NORTH PACIFIC OCEAN","SEA OF JAPAN","","","d52321c6-ccc4-4a4a-bf94-638e57aaed63"
"OCEAN","PACIFIC OCEAN","NORTH PACIFIC OCEAN","SEA OF OKHOTSK","","","0a63a576-6ceb-43d7-a606-b7a924881000"
"VERTICAL LOCATION","SEA SURFACE","","","","","5810d615-a3fc-4f79-947a-bae456b728c2"
"CONTINENT","NORTH AMERICA","UNITED STATES OF AMERICA","COLORADO","SENATOR BECK BASIN","","f9cda608-168f-45db-bf48-1c9ac4cb08b0"
"CONTINENT","AFRICA","WESTERN AFRICA","SENEGAL","","","80e7a4da-82a2-449e-87d3-603d857058c5"
"CONTINENT","EUROPE","SOUTHERN EUROPE","SERBIA","","","71c964af-7eec-4812-85de-04cadfd77934"
"OCEAN","INDIAN OCEAN","SEYCHELLES","","","","dc173a40-c1a0-4fd0-b059-2db52ca65639"
"CONTINENT","ANTARCTICA","SEYMOUR ISLAND","","","","b09b4bcf-dd12-4501-bf06-e44aa3b11af6"
"CONTINENT","ANTARCTICA","SHACKLETON GLACIER","","","","151d5071-6896-4605-a902-2a68a7dae901"
"OCEAN","ATLANTIC OCEAN","NORTH ATLANTIC OCEAN","MEDITERRANEAN SEA","SICILY","","5ff76570-66c1-4095-af0b-f688fd8b026d"
"CONTINENT","AFRICA","WESTERN AFRICA","SIERRA LEONE","","","e17e528b-9730-46ca-9439-09bc2a3cf9c6"
"OCEAN","INDIAN OCEAN","SINGAPORE","","","","6364bdbb-cdec-4059-a2b5-6b873c09fc7d"
"CONTINENT","ANTARCTICA","SIPLE ISLAND","","","","d911a6dc-347c-45e6-8836-764fa7aac223"
"CONTINENT","EUROPE","EASTERN EUROPE","SLOVAKIA","","","c707babd-bca8-46ea-90ab-8cf17a6c50fe"
"CONTINENT","EUROPE","SOUTHERN EUROPE","SLOVENIA","","","1e7cf5e6-e98a-45ae-a300-6ee43aaf9a1d"
"SPACE","SOLAR REGION","SOLAR CORE","","","","52cf52d6-c2d9-4dd5-88a6-580621eebfd4"
"SPACE","SOLAR REGION","SOLAR INTERIOR","","","","2a363f95-3822-468e-98b5-2c92f7c05e00"
"SPACE","SOLAR REGION","","","","","6fa811fb-3666-4970-9208-ca8a21d57138"
"SOLID EARTH","","","","","","cd8541b7-973c-4365-bed3-c4ec0ffd9953"
"OCEAN","PACIFIC OCEAN","SOUTH PACIFIC OCEAN","MELANESIA","SOLOMON ISLANDS","","34ade06e-d992-45aa-8fd1-9eabd2d417fc"
"CONTINENT","AFRICA","EASTERN AFRICA","SOMALIA","","","48beae8c-e18a-4924-9d39-a6c7b18e29cb"
"CONTINENT","AFRICA","SOUTHERN AFRICA","SOUTH AFRICA","","","fb6d9fe3-10b5-4a75-be97-521d4058a4a9"
"CONTINENT","SOUTH AMERICA","","","","","b7422ce5-a062-4e96-9a8b-36f9e3809e79"
"OCEAN","ATLANTIC OCEAN","SOUTH ATLANTIC OCEAN","","","","9ce6b6ba-8f9f-4585-9438-05619d768578"
"CONTINENT","NORTH AMERICA","UNITED STATES OF AMERICA","SOUTH CAROLINA","","","a163e72a-e31f-4fa6-aef9-8f21f2e4b081"
"OCEAN","PACIFIC OCEAN","WESTERN PACIFIC OCEAN","SOUTH CHINA AND EASTERN ARCHIPELAGIC SEAS","","","8537ebe8-8768-4463-ad22-8bbe508f43bf"
"OCEAN","PACIFIC OCEAN","WESTERN PACIFIC OCEAN","SOUTH CHINA SEA","","","89eb3337-707f-496d-9850-a6312ca42ecf"
"CONTINENT","NORTH AMERICA","UNITED STATES OF AMERICA","SOUTH DAKOTA","","","d401d70a-eacf-4ee7-89a4-70b67f711ccd"
"OCEAN","ATLANTIC OCEAN","SOUTH ATLANTIC OCEAN","SOUTH GEORGIA ISLAND","","","a5d18d41-4e95-4442-93ee-6de73403d71f"
"CONTINENT","ASIA","EASTERN ASIA","SOUTH KOREA","","","2c12f87b-a4c7-4aec-b10b-0f3e37560ccf"
"OCEAN","ATLANTIC OCEAN","SOUTH ATLANTIC OCEAN","SOUTH ORKNEY ISLANDS","","","798a293e-c19b-4103-93eb-c7eb5b27c214"
"OCEAN","PACIFIC OCEAN","SOUTH PACIFIC OCEAN","","","","fa0ec8a7-ebed-4f2d-834b-1fa6a1c2e0ed"
"OCEAN","ATLANTIC OCEAN","SOUTH ATLANTIC OCEAN","SOUTH SANDWICH ISLANDS","","","baa8382b-6ee9-4a9d-9937-bf0e6b062ac7"
"OCEAN","SOUTHERN OCEAN","SOUTH SHETLAND ISLANDS","","","","fb580be4-2d1c-4226-b8bb-53c3ac03c634"
"CONTINENT","AFRICA","NORTHERN AFRICA","SOUTH SUDAN","","","8cd9397d-ab47-490c-be80-3503be51d5dc"
"CONTINENT","ASIA","SOUTHCENTRAL ASIA","","","","ef8a6ecf-f0ca-4e05-81f9-d3be89e1ddc4"
"CONTINENT","ASIA","SOUTHEASTERN ASIA","","","","9ea81338-dc64-4803-b0e2-db0e2aaa70cf"
"CONTINENT","AFRICA","SOUTHERN AFRICA","","","","7147d041-d762-4475-8762-3b00d49ba9a7"
"CONTINENT","ASIA","SOUTHERN ASIA","","","","a8ee0d08-8772-4951-bbf0-4114dd07de03"
"CONTINENT","EUROPE","SOUTHERN EUROPE","","","","10b324f6-0541-42c2-938d-e2acec0de8ed"
"GEOGRAPHIC REGION","SOUTHERN HEMISPHERE","","","","","417235ba-103a-443c-bb43-75a1a772a2e2"
"OCEAN","SOUTHERN OCEAN","","","","","b791f381-1c1c-4958-bc7d-b72a15da1174"
"SPACE","","","","","","3ffa2d97-a066-4b3c-87f9-06779f12e726"
"SPACE","EARTH MAGNETIC FIELD","SPACE","","","","6f2c3b1f-acae-4af0-a759-f0d57ccfc83f"
"CONTINENT","EUROPE","SOUTHERN EUROPE","SPAIN","","","cbbe14fb-a5ee-4236-84ae-cc8dee612b49"
"OCEAN","PACIFIC OCEAN","WESTERN PACIFIC OCEAN","SOUTH CHINA SEA","SPRATLY ISLANDS","","ad78262c-aa77-41ff-ab1c-507988be9827"
"OCEAN","INDIAN OCEAN","SRI LANKA","","","","149fef08-334f-4eb4-a4b6-12ebe8eb9570"
"OCEAN","ATLANTIC OCEAN","NORTH ATLANTIC OCEAN","CARIBBEAN SEA","ST BARTHELEMY","","2a726c91-2cd0-4b08-a301-30396de71b91"
"OCEAN","ATLANTIC OCEAN","NORTH ATLANTIC OCEAN","CARIBBEAN SEA","ST EUSTATIUS","","9c1c7783-8214-480b-a1e6-68240ce803ce"
"OCEAN","ATLANTIC OCEAN","SOUTH ATLANTIC OCEAN","ST HELENA","","","597b10dd-8822-46a7-922d-7d9a99abd8c1"
"OCEAN","ATLANTIC OCEAN","NORTH ATLANTIC OCEAN","CARIBBEAN SEA","ST KITTS AND NEVIS","","b870624c-8668-4c3e-9f0d-6c2f08bce62b"
"OCEAN","ATLANTIC OCEAN","NORTH ATLANTIC OCEAN","CARIBBEAN SEA","ST LUCIA","","477a9a14-0c23-4f74-a82b-565fd3a856ab"
"OCEAN","ATLANTIC OCEAN","NORTH ATLANTIC OCEAN","CARIBBEAN SEA","ST MAARTEN","","d729cdbb-b302-42fb-8c72-3068302eada6"
"OCEAN","ATLANTIC OCEAN","NORTH ATLANTIC OCEAN","CARIBBEAN SEA","ST MARTIN","","74335c3e-c856-48d3-a4de-d6fe4c7db775"
"OCEAN","ATLANTIC OCEAN","NORTH ATLANTIC OCEAN","ST PIERRE AND MIQUELON","","","f2f14e18-261a-426f-96bc-2922264637b2"
"OCEAN","ATLANTIC OCEAN","NORTH ATLANTIC OCEAN","CARIBBEAN SEA","ST VINCENT AND THE GRENADINES","","844d7d6f-e9e8-4632-83e8-115a6e972e18"
"VERTICAL LOCATION","STRATOSPHERE","","","","","106a3756-af68-4ea1-8eae-a6f5e5a2265f"
"CONTINENT","AFRICA","NORTHERN AFRICA","SUDAN","","","35c312f3-ef63-44c1-9668-b6c7f7ff025e"
"OCEAN","INDIAN OCEAN","INDONESIA","SUMATRA","","","8b9f777c-3037-4fcf-9d7f-a2bcb809d2be"
"CONTINENT","SOUTH AMERICA","SURINAME","","","","b2012be4-7977-4d49-ac23-bacd05e9a1d0"
"OCEAN","ATLANTIC OCEAN","NORTH ATLANTIC OCEAN","SVALBARD AND JAN MAYEN","","","706ae2c4-750c-4a96-a7af-5133c357ae5c"
"CONTINENT","EUROPE","NORTHERN EUROPE","SCANDINAVIA","SWEDEN","","2edce566-82e1-4645-a94d-58cffa42f8e2"
"CONTINENT","EUROPE","WESTERN EUROPE","SWITZERLAND","","","fc90f569-b291-40f5-bbe1-5c5c21075686"
"CONTINENT","ASIA","WESTERN ASIA","MIDDLE EAST","SYRIAN ARAB REPUBLIC","","0d0210bb-0be8-47b0-94f2-8695e226ccc8"
"CONTINENT","ASIA","EASTERN ASIA","TAIWAN","","","d4c65f0d-f825-4040-8dd3-69b85979101a"
"CONTINENT","ASIA","SOUTHCENTRAL ASIA","TAJIKISTAN","","","05ccd1da-7d1e-4489-9e12-4168874c1b71"
"CONTINENT","AFRICA","EASTERN AFRICA","TANZANIA","","","28633bd4-eb04-43d6-9c1c-04b4a843fb63"
"CONTINENT","NORTH AMERICA","UNITED STATES OF AMERICA","TENNESSEE","","","29ad7c2a-42d5-49e6-9093-e758da70432e"
"CONTINENT","ANTARCTICA","TERRA NOVA BAY","","","","ee6ff7cd-2902-4856-bdf3-dc7cf95d0440"
"CONTINENT","NORTH AMERICA","UNITED STATES OF AMERICA","TEXAS","","","0f01d3b9-3691-471e-b21b-3f42c512dcd2"
"CONTINENT","ASIA","SOUTHEASTERN ASIA","THAILAND","","","6af5848c-db4b-4dd0-a6fb-1b9c904ef21b"
"VERTICAL LOCATION","THERMOSPHERE","","","","","0dc6a186-8da6-4a88-bb6b-3cc3343d2599"
"OCEAN","INDIAN OCEAN","TIMOR-LESTE","","","","f58fbdce-3ee6-4dc1-b9ca-27953d89955f"
"CONTINENT","AFRICA","WESTERN AFRICA","TOGO","","","d66512f7-e44b-4cf0-a3cd-25750934b5f9"
"OCEAN","PACIFIC OCEAN","SOUTH PACIFIC OCEAN","POLYNESIA","TOKELAU","","b0b29e5e-6028-49c5-bdc1-c288a7aa83ac"
"OCEAN","PACIFIC OCEAN","SOUTH PACIFIC OCEAN","POLYNESIA","TONGA","","dd3f51a1-9fe0-47ce-bdd5-772df3e450d5"
"OCEAN","ATLANTIC OCEAN","NORTH ATLANTIC OCEAN","CARIBBEAN SEA","TRINIDAD AND TOBAGO","","b117b0ec-3013-48a2-81b5-58215bca8e1e"
"OCEAN","ATLANTIC OCEAN","NORTH ATLANTIC OCEAN","CARIBBEAN SEA","TRISTAN DA CUNHA","","35203540-ed8a-4087-82aa-bfcdc3bc11ec"
"GEOGRAPHIC REGION","TROPICS","","","","","639c23bd-f64a-4061-a535-4a1a842d230f"
"VERTICAL LOCATION","TROPOSPHERE","","","","","1d6baa6e-5a29-4d4e-add7-a2b1ddfff712"
"CONTINENT","AFRICA","NORTHERN AFRICA","TUNISIA","","","434da207-97f4-4bb5-9550-40b0237f0a3f"
"CONTINENT","ASIA","WESTERN ASIA","TURKEY","","","26aad1c3-3d0e-4e4d-b1fe-e20961bb6b90"
"CONTINENT","ASIA","SOUTHCENTRAL ASIA","TURKMENISTAN","","","d62d5dfe-b9a8-4107-aa4e-126192d5a487"
"OCEAN","ATLANTIC OCEAN","NORTH ATLANTIC OCEAN","CARIBBEAN SEA","TURKS AND CAICOS ISLANDS","","00fdb6a0-3063-45d3-9930-71b5a9a3206c"
"OCEAN","PACIFIC OCEAN","SOUTH PACIFIC OCEAN","POLYNESIA","TUVALU","","09f61b6a-c4ef-46d1-be0d-16b396f84a16"
"CONTINENT","AFRICA","EASTERN AFRICA","UGANDA","","","cdb3d558-8f51-45bc-8845-7362c63aa0f7"
"CONTINENT","EUROPE","EASTERN EUROPE","UKRAINE","","","83b75894-bceb-466a-b7d4-a6cd37521ffc"
"CONTINENT","ASIA","WESTERN ASIA","MIDDLE EAST","UNITED ARAB EMIRATES","","7bc3667c-98be-4b3f-b831-33e1a784a37c"
"CONTINENT","EUROPE","NORTHERN EUROPE","BRITISH ISLES","UNITED KINGDOM","","1928f419-0c4b-4b06-9f66-eb37f49105de"
"OCEAN","PACIFIC OCEAN","CENTRAL PACIFIC OCEAN","UNITED STATES MINOR OUTLYING ISLANDS","","","1e3fd59a-fed3-4c99-8e3f-28c16c0fcea1"
"CONTINENT","NORTH AMERICA","UNITED STATES OF AMERICA","","","","753f915c-70d4-49e1-9bd5-83e75f461e30"
"CONTINENT","SOUTH AMERICA","URUGUAY","","","","989f1016-3a59-4520-935e-0f75467a740a"
"CONTINENT","NORTH AMERICA","UNITED STATES OF AMERICA","UTAH","","","71a722af-0cd9-4052-b4e8-f3af56201401"
"CONTINENT","ASIA","SOUTHCENTRAL ASIA","UZBEKISTAN","","","4642acf0-c21c-48a6-91f4-6fbd6d0966d4"
"SPACE","EARTH MAGNETIC FIELD","VAN ALLEN RADIATION BELTS","","","","50e1aaa9-fea0-4322-8ba1-cf39efce9daa"
"OCEAN","PACIFIC OCEAN","SOUTH PACIFIC OCEAN","MELANESIA","VANUATU","","dc107028-a895-4ec0-8570-dba4caf0468c"
"CONTINENT","EUROPE","SOUTHERN EUROPE","VATICAN CITY","","","538d7162-9823-4942-ae11-3131c8fbd245"
"CONTINENT","SOUTH AMERICA","VENEZUELA","","","","3bd4aae9-4415-44bb-ad97-5db303ad8cd8"
"CONTINENT","NORTH AMERICA","UNITED STATES OF AMERICA","VERMONT","","","359e1e8f-1789-4c32-9afc-79c2fd6f9884"
"VERTICAL LOCATION","","","","","","f1d9391a-071b-4264-a409-de3739e516d0"
"CONTINENT","ASIA","SOUTHEASTERN ASIA","VIETNAM","","","8f4b20b4-633c-4a2e-941d-49e4b5ab3374"
"OCEAN","ATLANTIC OCEAN","NORTH ATLANTIC OCEAN","CARIBBEAN SEA","VIRGIN ISLANDS","","2ed1d456-b067-45bc-857f-8ba5fe87035e"
"CONTINENT","NORTH AMERICA","UNITED STATES OF AMERICA","VIRGINIA","","","c86d3f12-106a-435d-ba9e-d735b306b200"
"OCEAN","PACIFIC OCEAN","CENTRAL PACIFIC OCEAN","WAKE ISLAND","","","e142eefd-c5cb-48b4-8bdd-87a3ddc7ad8f"
"OCEAN","PACIFIC OCEAN","SOUTH PACIFIC OCEAN","POLYNESIA","WALLIS AND FUTUNA ISLANDS","","37c58b9a-dbba-4941-bcc9-99b2ef10c43c"
"CONTINENT","NORTH AMERICA","UNITED STATES OF AMERICA","WASHINGTON","","","dcef091b-18b5-48bf-b191-69ab7a3511f1"
"OCEAN","SOUTHERN OCEAN","WEDDELL SEA","","","","8a101ca4-ba38-4e32-a14c-59501e4927d0"
"CONTINENT","NORTH AMERICA","UNITED STATES OF AMERICA","WEST VIRGINIA","","","5f5917c3-7225-47d1-b465-03d7b8338060"
"CONTINENT","AFRICA","WESTERN AFRICA","","","","0bd7d518-6e4d-455e-95cd-2add85fc88fa"
"CONTINENT","ASIA","WESTERN ASIA","","","","1b6309ac-463b-4512-ab29-9870f3f8ba19"
"CONTINENT","EUROPE","WESTERN EUROPE","","","","0cd8148f-6feb-42ea-b867-5af9a933d673"
"GEOGRAPHIC REGION","WESTERN HEMISPHERE","","","","","a29a6a2b-e0e5-4ba9-9768-df67db4f34a6"
"OCEAN","PACIFIC OCEAN","WESTERN PACIFIC OCEAN","","","","922a749a-d663-495f-bd26-31e6cfb89c57"
"CONTINENT","AFRICA","WESTERN AFRICA","WESTERN SAHARA","","","fab1118b-afa8-4cfd-a05b-ed808392e910"
"CONTINENT","NORTH AMERICA","UNITED STATES OF AMERICA","WESTERN UNITED STATES","","","de433636-5ea1-47b0-9b86-95e081eefab4"
"CONTINENT","NORTH AMERICA","UNITED STATES OF AMERICA","WISCONSIN","","","d8ad42ae-624f-48a2-be40-cf04c53e6543"
"CONTINENT","NORTH AMERICA","UNITED STATES OF AMERICA","WYOMING","","","c2847793-0bb8-41cf-b3e0-d4e4b27914ce"
"OCEAN","PACIFIC OCEAN","WESTERN PACIFIC OCEAN","YELLOW SEA","","","d3e1cc23-39d3-42af-ab7e-c4f7a59858b7"
"CONTINENT","ASIA","WESTERN ASIA","MIDDLE EAST","YEMEN","","50d3d6bf-d409-466d-9ad8-469bf5d110a4"
"CONTINENT","NORTH AMERICA","CANADA","YUKON TERRITORY","","","5da3b055-4215-4ec5-95f7-fdca626ebf57"
"CONTINENT","AFRICA","EASTERN AFRICA","ZAMBIA","","","d019b59f-23d5-4ee5-9b3a-ee8ed75d666d"
"OCEAN","INDIAN OCEAN","ZANZIBAR","","","","02fb6908-e5bd-4dd0-a627-2f6e13b4281f"
"CONTINENT","AFRICA","EASTERN AFRICA","ZIMBABWE","","","ab8482e0-3abc-48ce-9216-a9932b0bb090"
